name,pan
Amit Sharma,AJKPS4821R
Priya Verma,BHTRV7394K
Rohit Singh,CKDMS1058P
Neha Gupta,DLWPG2946A
Karan Mehta,EMQTR6813F
Anjali Iyer,FNAPS5702L
Vikram Rao,GRDVM9248Q
Sneha Kapoor,HJTKS3186Z
Arjun Malhotra,IPXAM7604D
Pooja Nair,JQLPN8491R
Rahul Khanna,KFTRH6027M
Simran Kaur,LMPKS1738A
Nitin Agarwal,MVQTA4905P
Riya Chatterjee,NJXCR8562F
Suresh Reddy,OPATR7429L
Mehul Jain,PCKMJ6193R
Divya Bansal,QWERT5086A
Aakash Patel,RDMLA2741F
Kavita Joshi,STJPK9357Q
Manish Tiwari,TXNPM6819D
Sanjay Mishra,UBRSM0947A
Alok Srivastava,VKQAS7618P
Pallavi Deshmukh,WPLDR8532F
Deepak Yadav,XTMQD1096L
Shweta Kulkarni,YRAPM4627R
Ramesh Iyer,ZQWTR9381A
Tanvi Kulkarni,ABRPT5740F
Abhishek Saxena,BCQAM6092L
Monika Arora,CDKPS8713R
Harsh Vardhan,DFTRM2849A
Payal Sinha,EGXPA3906F
Gaurav Bhatia,FJMRD7285L
Shruti Pandey,GLKPS5619Q
Aman Choudhary,HPDMT0473A
Ritu Malhotra,IQKRA6928F
Sachin Kulkarni,JKLPM1359R
Nisha Goel,KQATR7084A
Prateek Jain,LDMPS9821F
Komal Aggarwal,MPQTR3167L
Ashish Chauhan,NTKPA4508R
Sunita Verma,OPLDR7942A
Mohit Bansal,PTRQM6815F
Rekha Nair,QWAMD9207L
Ankur Saxena,RKPLT5384R
Seema Arora,STQAM1649A
Kunal Goyal,TPDRM8726F
Pankaj Tripathi,ULKPA3951R
Isha Malhotra,VQTRD6802A
Varun Kapoor,WMPAS9174F
Rakesh Malhotra,ZXTPM4827Q
Meena Joshi,PLQAR7391F
Siddharth Jain,KRDMV1059A
Bhavya Shah,MTQPS2948R
Naveen Kumar,AXRTP6810L
Swati Kulkarni,BRKPM5706F
Pranav Desai,CLTAR9243Q
Ishita Sengupta,DMPKS3189A
Yogesh Patil,ERXAM7601F
Aditi Rao,FQLPN8495L
Tarun Mehra,GKTRH6024R
Kirti Bansal,HLMPK1732F
Saurabh Verma,JMATA4908Q
Nandini Bose,KPXCR8567A
Kishore Naidu,LJATR7424F
Harpreet Singh,MCKMJ6197R
Rupal Mehta,NWERT5082L
Vishal Patel,ORDML2746A
Ankita Ghosh,PSJPK9351F
Rohit Kulkarni,QXNPM6814R
Sameer Khan,RBRSM0942A
Juhi Agrawal,SKQAS7613F
Ketan Joshi,TPLDR8539Q
Dinesh Rawat,UTMQD1093A
Aparna Menon,VYRAP4621F
Anil Nair,WQWTR9386R
Ritu Chawla,XBRPT5748A
Manoj Tiwari,YCQAM6097F
Pooja Arora,ZDKPS8716Q
Akash Saxena,AFTRM2842A
Shalini Mathur,BGXPA3902F
Nikhil Arora,CJMRD7281R
Rashmi Mishra,DLKPS5612A
Hemant Yadav,EPDMT0478F
Sonal Gupta,FQKRA6923R
Kiran Pawar,GKLPM1352A
Preeti Malhotra,HQATR7087F
Rajat Jain,IDMPS9826R
Namrata Singhal,JPQTR3162A
Vivek Chandra,KNTKPA4503F
Anita Saxena,LOPLD7947R
Ravi Bansal,MPTRQ6812A
Shobha Iyer,NQAMD9203F
Amitabh Roy,ORKPL5389R
Anusha Pillai,PKQAM1643A
Devendra Singh,QLDRM8721F
Smriti Kapoor,RULKPA3956R
Sandeep Nanda,SVQTR6809A
Mohini Kulkarni,TMPAS9171F

